i,tau,f_x,f_b,delta_f,dist,rate,maha_x,maha_b,valid,id_gap
0,0.010579882189631462,0.9999709477506029,0.9999693228335709,1.6249170320392636e-06,0.014409081516405681,0.0,0.0,0.0,1,-8.706603144892355e-06
0,0.01579042710363865,0.9999709477506029,0.9999684486078314,2.49914277150598e-06,0.020907980821510064,0.0,0.0,0.0,1,0.1425199922578439
0,0.023567141965031624,0.9999709477506029,0.9999670821306982,3.865619904730444e-06,0.03008254339512575,0.0,0.0,0.0,1,0.2471793360527451
0,0.03517385199666023,0.9999709477506029,0.9999648821867615,6.065563841417543e-06,0.04283811545851929,0.0,0.0,0.0,1,0.4587595364601854
0,0.05249682068824768,0.9999709477506029,0.9999613576339446,9.59011665835341e-06,0.060272511717747064,0.0,0.0,0.0,1,7.390778782978558e-06
0,0.07835126668214798,0.9999709477506029,0.9999555596507761,1.5388099826818546e-05,0.08373520376519838,0.0,0.0,0.0,1,0.3640873799960953
0,0.11693891882896423,0.9999709477506029,0.9999453259121704,2.5621838432465793e-05,0.11503731793351481,0.0,0.0,0.0,1,0.3869036895949214
0,0.17453081905841827,0.9999709477506029,0.9999256143695855,4.533338101742057e-05,0.15687216433161957,0.0,0.0,0.0,1,0.2377550227747437
0,0.2604864537715912,0.9999709477506029,0.9998852197972955,8.57279533074129e-05,0.2132801587800939,0.0,0.0,0.0,1,0.41944597917548276
0,0.38877490162849426,0.9999709477506029,0.9997903231312933,0.0001806246193095662,0.28970720218568263,0.0,0.0,0.0,1,0.25337853302913566
0,0.580244779586792,0.9999709477506029,0.9995116508705434,0.0004592968800595232,0.3922147277498237,0.0,0.0,0.0,1,0.2471793360527451
0,0.8660127520561218,0.9999709477506029,0.9984846901142539,0.0014862576363490199,0.5257724795205057,0.0,0.0,0.0,1,0.039605423414129315
0,1.2925201654434204,0.9999709477506029,0.9937333204574326,0.006237627293170345,0.6919436389383102,0.0,0.0,0.0,1,0.3226312953331685
0,1.929080605506897,0.9999709477506029,0.9650315114546049,0.03493943629599805,0.8866362836651344,0.0,0.0,0.0,1,0.22849385635015285
0,2.8791441917419434,0.9999709477506029,0.7718804192512004,0.22809052849940248,1.0991555369437838,0.0,0.0,0.0,1,0.22732494437976625
0,4.297110080718994,0.9999709477506029,0.2733376804690815,0.7266332672815214,1.3138848278598654,0.0,0.0,0.0,1,-2.9043424013552865e-06
0,6.413417339324951,0.9999709477506029,0.04526888375555002,0.9547020639950529,1.514525774450592,0.0,0.0,0.0,1,0.29017446291771054
0,9.571996688842773,0.9999709477506029,0.008552130780161291,0.9914188169704417,1.688737823567731,0.0,0.0,0.0,1,0.4557023241453185
0,14.286163330078125,0.9999709477506029,0.0023776016425638277,0.9975933461080391,1.8306119246967305,0.0,0.0,0.0,1,0.2533275211593242
0,21.32203483581543,0.9999709477506029,0.000880248452287093,0.9990906992983158,1.940238039080758,0.0,0.0,0.0,1,5.1523052307933526e-06
0,31.823041915893555,0.9999709477506029,0.0004371897112973829,0.9995337580393056,2.021556161753608,0.0,0.0,0.0,1,0.36966622274596694
0,47.49574661254883,0.9999709477506029,0.00028182166846506566,0.9996891260821379,2.0800665041655626,0.0,0.0,0.0,1,8.524073516591457e-06
0,70.88719177246094,0.9999709477506029,0.00020588129301536104,0.9997650664575876,2.121249625854542,0.0,0.0,0.0,1,0.1425199922578439
0,105.79882049560547,0.9999709477506029,0.00016606063046473312,0.9998048871201382,2.1497897486559427,0.0,0.0,0.0,1,5.1523052307933526e-06
1,0.010579882189631462,0.9999501514472736,0.999957872654169,-7.721206895405786e-06,0.06192600318515392,0.0,0.0,0.0,1,-0.0001827699227128221
1,0.01579042710363865,0.9999501514472736,0.9999595148013937,-9.36335412005107e-06,0.08097295515014839,0.0,0.0,0.0,1,-0.00039783158536588203
1,0.023567141965031624,0.9999501514472736,0.9999608251276797,-1.067368040608141e-05,0.1030114328824384,0.0,0.0,0.0,1,0.1882913579550391
1,0.03517385199666023,0.9999501514472736,0.9999613644256777,-1.1212978404118168e-05,0.12815157411843311,0.0,0.0,0.0,1,-0.20370843159705398
1,0.05249682068824768,0.9999501514472736,0.9999604812234199,-1.0329776146233982e-05,0.15733853193324895,0.0,0.0,0.0,1,-1.6469298494414808e-05
1,0.07835126668214798,0.9999501514472736,0.9999569425469468,-6.791099673164602e-06,0.19273320564663332,0.0,0.0,0.0,1,0.2630995719721788
1,0.11693891882896423,0.9999501514472736,0.9999481968012202,1.954646053459186e-06,0.23775591886030123,0.0,0.0,0.0,1,-0.26151302442125723
1,0.17453081905841827,0.9999501514472736,0.9999280321835521,2.2119263721531723e-05,0.2969261710117178,0.0,0.0,0.0,1,-0.14681658759619176
1,0.2604864537715912,0.9999501514472736,0.999876731951015,7.341949625860877e-05,0.3755900274213573,0.0,0.0,0.0,1,-0.24872809197659207
1,0.38877490162849426,0.9999501514472736,0.9997329211207927,0.00021723032648091056,0.47920619088240046,0.0,0.0,0.0,1,-0.2703205971156654
1,0.580244779586792,0.9999501514472736,0.9992609266110617,0.0006892248362119213,0.6119083539275663,0.0,0.0,0.0,1,-0.2327813171266292
1,0.8660127520561218,0.9999501514472736,0.9975312470947829,0.002418904352490703,0.7748203873559332,0.0,0.0,0.0,1,-0.236209299116045
1,1.2925201654434204,0.9999501514472736,0.9899735710990731,0.009976580348200481,0.9649635902363165,0.0,0.0,0.0,1,0.34397529326371157
1,1.929080605506897,0.9999501514472736,0.9527013928100768,0.0472487586371968,1.1750250195329288,0.0,0.0,0.0,1,-0.0598596735165961
1,2.8791441917419434,0.9999501514472736,0.7569005605747186,0.24304959087255507,1.393815073518081,0.0,0.0,0.0,1,-0.15094107710608023
1,4.297110080718994,0.9999501514472736,0.29162430814754686,0.7083258432997268,1.6076965543454513,0.0,0.0,0.0,1,0.00022738891430951202
1,6.413417339324951,0.9999501514472736,0.05769255310310893,0.9422575983441647,1.8033729618327865,0.0,0.0,0.0,1,0.00022738891430951202
1,9.571996688842773,0.9999501514472736,0.010838480121003675,0.98911167132627,1.9711451927345047,0.0,0.0,0.0,1,0.00010251934543648034
1,14.286163330078125,0.9999501514472736,0.0028125348885929755,0.9971376165586806,2.106784108522748,0.0,0.0,0.0,1,0.00010318021024047219
1,21.32203483581543,0.9999501514472736,0.0009964884077650789,0.9989536630395085,2.211157118923638,0.0,0.0,0.0,1,0.2403429097928287
1,31.823041915893555,0.9999501514472736,0.00048191014021899744,0.9994682413070546,2.288392992111854,0.0,0.0,0.0,1,0.15114672576603383
1,47.49574661254883,0.9999501514472736,0.0002990711832320755,0.9996510802640416,2.3438876074454864,0.0,0.0,0.0,1,1.2437132961284902e-06
1,70.88719177246094,0.9999501514472736,0.00021402563289518544,0.9997361258143784,2.382914819504621,0.0,0.0,0.0,1,0.10978865571886715
1,105.79882049560547,0.9999501514472736,0.000170108190562852,0.9997800432567108,2.4099466601644615,0.0,0.0,0.0,1,1.0497120800923021e-05
2,0.010579882189631462,0.9996803395517732,0.9996262744569571,5.406509481609145e-05,0.04404331729717166,0.0,0.0,0.0,1,-0.00010203054841628756
2,0.01579042710363865,0.9996803395517732,0.99960553835473,7.480119704317278e-05,0.056674683659815615,0.0,0.0,0.0,1,0.4673719069667818
2,0.023567141965031624,0.9996803395517732,0.9995780102735018,0.00010232927827136251,0.07036261678253497,0.0,0.0,0.0,1,0.4873187110375739
2,0.03517385199666023,0.9996803395517732,0.9995409244408846,0.00013941511088855219,0.08444884435005193,0.0,0.0,0.0,1,0.49828812774916476
2,0.05249682068824768,0.9996803395517732,0.999488923970317,0.0001914155814561891,0.09867981053664937,0.0,0.0,0.0,1,0.29777756379568404
2,0.07835126668214798,0.9996803395517732,0.9994113101586526,0.00026902939312056784,0.11371161491553963,0.0,0.0,0.0,1,-9.267243624677679e-05
2,0.11693891882896423,0.9996803395517732,0.9992856053118498,0.00039473423992331114,0.13157674185387946,0.0,0.0,0.0,1,0.29619088347228284
2,0.17453081905841827,0.9996803395517732,0.9990570947630338,0.0006232447887393189,0.15600850514705797,0.0,0.0,0.0,1,0.2742426131172644
2,0.2604864537715912,0.9996803395517732,0.9986073765037661,0.0010729630480070806,0.19236768104180615,0.0,0.0,0.0,1,0.4085520600162714
2,0.38877490162849426,0.9996803395517732,0.9976035363433639,0.0020768032084093058,0.24691077852041488,0.0,0.0,0.0,1,9.43586846338107e-05
2,0.580244779586792,0.9996803395517732,0.9949227738159817,0.004757565735791447,0.32557229650657776,0.0,0.0,0.0,1,0.23598467800524192
2,0.8660127520561218,0.9996803395517732,0.986435269864949,0.013245069686824151,0.4326015958795667,0.0,0.0,0.0,1,0.17687182080904806
2,1.2925201654434204,0.9996803395517732,0.9504077458036457,0.049272593748127425,0.5690048355996089,0.0,0.0,0.0,1,-9.589904773121827e-05
2,1.929080605506897,0.9996803395517732,0.7859421334277822,0.21373820612399097,0.7309167067371541,0.0,0.0,0.0,1,0.28924506502962777
2,2.8791441917419434,0.9996803395517732,0.37115061745096245,0.6285297221008107,0.9088972615880381,0.0,0.0,0.0,1,0.5240770829485271
2,4.297110080718994,0.9996803395517732,0.07900552183892025,0.9206748177128529,1.0893993162473006,0.0,0.0,0.0,1,-0.00023145241054933763
2,6.413417339324951,0.9996803395517732,0.014247071704193186,0.98543326784758,1.2583868147537152,0.0,0.0,0.0,1,0.06207115046461087
2,9.571996688842773,0.9996803395517732,0.0038510015692026596,0.9958293379825705,1.4052622447315608,0.0,0.0,0.0,1,0.24686723514614078
2,14.286163330078125,0.9996803395517732,0.001337442971517433,0.9983428965802558,1.5249360988923997,0.0,0.0,0.0,1,0.4066549050622486
2,21.32203483581543,0.9996803395517732,0.0005772032306199772,0.9991031363211532,1.6174331752953492,0.0,0.0,0.0,1,0.0719388508784487
2,31.823041915893555,0.9996803395517732,0.00034228284150530924,0.9993380567102679,1.6860553481966243,0.0,0.0,0.0,1,-0.00035011992302791395
2,47.49574661254883,0.9996803395517732,0.00023731314743343998,0.9994430264043397,1.735434618295645,0.0,0.0,0.0,1,0.16139204373363583
2,70.88719177246094,0.9996803395517732,0.00018345819282571967,0.9994968813589474,1.7701923370025259,0.0,0.0,0.0,1,0.11000676195807058
2,105.79882049560547,0.9996803395517732,0.0001539939627857683,0.9995263455889873,1.794280277121215,0.0,0.0,0.0,1,0.09745696437064327
3,0.010579882189631462,0.9999937054761968,0.9999944124827823,-7.070065854986041e-07,0.05887543507408499,0.0,0.0,0.0,1,0.2948856691484247
3,0.01579042710363865,0.9999937054761968,0.9999945003869811,-7.949107843074898e-07,0.07628714097308237,0.0,0.0,0.0,1,0.25428129223052987
3,0.023567141965031624,0.9999937054761968,0.9999944935677639,-7.880915671165667e-07,0.09580758900979569,0.0,0.0,0.0,1,4.124835645491487e-06
3,0.03517385199666023,0.9999937054761968,0.9999942778881328,-5.72411935961803e-07,0.11720298382766565,0.0,0.0,0.0,1,0.23862457001552728
3,0.05249682068824768,0.9999937054761968,0.9999936928171542,1.2659042591955938e-08,0.14123247575055228,0.0,0.0,0.0,1,0.2740810320595314
3,0.07835126668214798,0.9999937054761968,0.9999924932085321,1.2122676646963981e-06,0.17043025312159724,0.0,0.0,0.0,1,8.458266904765033e-06
3,0.11693891882896423,0.9999937054761968,0.9999900421761588,3.663300037981543e-06,0.20951505352035746,0.0,0.0,0.0,1,0.08435749766826289
3,0.17453081905841827,0.9999937054761968,0.9999847476877373,8.95778845955153e-06,0.2650207372830698,0.0,0.0,0.0,1,2.429615997245893e-05
3,0.2604864537715912,0.9999937054761968,0.9999718815354145,2.1823940782317308e-05,0.34410437477353645,0.0,0.0,0.0,1,-2.2521637671468753e-06
3,0.38877490162849426,0.9999937054761968,0.9999343990893517,5.930638684514822e-05,0.45303417860697776,0.0,0.0,0.0,1,0.3298677229970714
3,0.580244779586792,0.9999937054761968,0.9998123010053621,0.00018140447083470068,0.5958516775863838,0.0,0.0,0.0,1,9.071534111781965e-06
3,0.8660127520561218,0.9999937054761968,0.9993250084949469,0.0006686969812499388,0.773316101014232,0.0,0.0,0.0,1,0.09402815479939353
3,1.2925201654434204,0.9999937054761968,0.9969476088728999,0.0030460966032969106,0.9821253500505703,0.0,0.0,0.0,1,0.012744257832889128
3,1.929080605506897,0.9999937054761968,0.9825909992289059,0.0174027062472909,1.2144266238923431,0.0,0.0,0.0,1,0.16528767993278526
3,2.8791441917419434,0.9999937054761968,0.8926188978373205,0.1073748076388763,1.457860890408759,0.0,0.0,0.0,1,0.0532615754019472
3,4.297110080718994,0.9999937054761968,0.4898868926531533,0.5101068128230435,1.6969602268904156,0.0,0.0,0.0,1,0.24644935680708557
3,6.413417339324951,0.9999937054761968,0.10854165732135727,0.8914520481548396,1.9164117064420583,0.0,0.0,0.0,1,3.4002418768386278e-06
3,9.571996688842773,0.9999937054761968,0.018420856920072032,0.9815728485561248,2.1049405378138677,0.0,0.0,0.0,1,0.06636530579892769
3,14.286163330078125,0.9999937054761968,0.004073365320305341,0.9959203401558915,2.2575341408265746,0.0,0.0,0.0,1,0.22628127442148682
3,21.32203483581543,0.9999937054761968,0.0013022153574646792,0.9986914901187322,2.3750282494999877,0.0,0.0,0.0,1,0.3414140847452926
3,31.823041915893555,0.9999937054761968,0.0005611599915455925,0.9994325454846512,2.462004332980876,0.0,0.0,0.0,1,-0.012942247632206194
3,47.49574661254883,0.9999937054761968,0.0003333473876711806,0.9996603580885256,2.524509705985635,0.0,0.0,0.0,1,7.011483607266555e-06
3,70.88719177246094,0.9999937054761968,0.00023050308443670425,0.9997632023917601,2.5684722871889205,0.0,0.0,0.0,1,0.10669838957084632
3,105.79882049560547,0.9999937054761968,0.0001787996152339216,0.9998149058609629,2.598924597311784,0.0,0.0,0.0,1,0.06636530579892769
4,0.010579882189631462,0.999967074581798,0.999964203337534,2.8712442640133062e-06,0.021883995852497513,0.0,0.0,0.0,1,0.27647728027339236
4,0.01579042710363865,0.999967074581798,0.9999629269499483,4.147631849749089e-06,0.030701269028876408,0.0,0.0,0.0,1,1.555693267540903e-06
4,0.023567141965031624,0.999967074581798,0.9999610453558658,6.02922593218036e-06,0.042764110209879864,0.0,0.0,0.0,1,-1.588555976328454e-05
4,0.03517385199666023,0.999967074581798,0.9999581600987594,8.914483038635623e-06,0.05930226905980724,0.0,0.0,0.0,1,-0.05446756200906738
4,0.05249682068824768,0.999967074581798,0.9999534920461393,1.358253565875156e-05,0.08200589397940158,0.0,0.0,0.0,1,3.45596456514663e-05
4,0.07835126668214798,0.999967074581798,0.9999454492026308,2.1625379167167225e-05,0.11309233051004249,0.0,0.0,0.0,1,0.09681690011984023
4,0.11693891882896423,0.999967074581798,0.9999305630529317,3.6511528866300935e-05,0.15542119121219877,0.0,0.0,0.0,1,-0.1914158395699791
4,0.17453081905841827,0.999967074581798,0.9999029482243994,6.412635739860839e-05,0.2126770640870656,0.0,0.0,0.0,1,-4.629365435659949e-06
4,0.2604864537715912,0.999967074581798,0.9998423388024058,0.00012473577939220437,0.28940611597883,0.0,0.0,0.0,1,4.245693130822126e-05
4,0.38877490162849426,0.999967074581798,0.9996905686170842,0.0002765059647138468,0.39053411265462395,0.0,0.0,0.0,1,4.122254970906347e-05
4,0.580244779586792,0.999967074581798,0.9992566162690332,0.000710458312764839,0.5202261262174543,0.0,0.0,0.0,1,-0.10262720118970126
4,0.8660127520561218,0.999967074581798,0.9977361927499504,0.0022308818318476087,0.6804100537359347,0.0,0.0,0.0,1,-0.15642540772562968
4,1.2925201654434204,0.999967074581798,0.9912333795919508,0.008733694989847218,0.8694293064625993,0.0,0.0,0.0,1,0.05156721092890326
4,1.929080605506897,0.999967074581798,0.9589852805485711,0.04098179403322688,1.0810785078827765,0.0,0.0,0.0,1,1.0924837309356228e-05
4,2.8791441917419434,0.999967074581798,0.7769631422384043,0.22300393234339366,1.3043740860137734,0.0,0.0,0.0,1,0.24133161821700266
4,4.297110080718994,0.999967074581798,0.3151690972137085,0.6847979773680894,1.524894031247694,0.0,0.0,0.0,1,0.1830062249856918
4,6.413417339324951,0.999967074581798,0.06344148898885131,0.9365255855929467,1.728067078349004,0.0,0.0,0.0,1,-2.184189982101792e-06
4,9.571996688842773,0.999967074581798,0.011631544237931116,0.9883355303438669,1.9030395040347996,0.0,0.0,0.0,1,-3.885258392344326e-06
4,14.286163330078125,0.999967074581798,0.0029605364386717926,0.9970065381431262,2.04487404311339,0.0,0.0,0.0,1,-8.220997366414906e-06
4,21.32203483581543,0.999967074581798,0.0010371509465107013,0.9989299236352873,2.154183510169912,0.0,0.0,0.0,1,-2.5425524396438526e-05
4,31.823041915893555,0.999967074581798,0.000488894366038851,0.9994781802157592,2.2351457335932188,0.0,0.0,0.0,1,0.03556771753503335
4,47.49574661254883,0.999967074581798,0.0003029149151612109,0.9996641596666368,2.2933491537045003,0.0,0.0,0.0,1,3.158652870149936e-06
4,70.88719177246094,0.999967074581798,0.00021593827238281568,0.9997511363094151,2.334294781404032,0.0,0.0,0.0,1,0.2588420585370605
4,105.79882049560547,0.999967074581798,0.0001712266257887792,0.9997958479560092,2.362661166846175,0.0,0.0,0.0,1,-1.2794180480613093e-06
5,0.010579882189631462,0.9999984815906163,0.9999984926447597,-1.1054143378430581e-08,0.028861981770699926,0.0,0.0,0.0,1,0.4591417163923067
5,0.01579042710363865,0.9999984815906163,0.9999984782638385,3.326777853196461e-09,0.03807553309912176,0.0,0.0,0.0,1,0.25013011395349555
5,0.023567141965031624,0.9999984815906163,0.9999984442436195,3.734699682844678e-08,0.049106928677815985,0.0,0.0,0.0,1,-1.1856483048688915e-06
5,0.03517385199666023,0.9999984815906163,0.9999983751628949,1.0642772141356005e-07,0.062362672597268826,0.0,0.0,0.0,1,0.24788892457846914
5,0.05249682068824768,0.9999984815906163,0.9999982118207192,2.697698970877127e-07,0.07885324556301966,0.0,0.0,0.0,1,-2.4776823148719984e-07
5,0.07835126668214798,0.9999984815906163,0.999997901203334,5.803872823451073e-07,0.1004578626256206,0.0,0.0,0.0,1,0.11253845630702397
5,0.11693891882896423,0.9999984815906163,0.9999973130252352,1.1685653811266405e-06,0.13006970713400245,0.0,0.0,0.0,1,-0.04197856584683901
5,0.17453081905841827,0.9999984815906163,0.9999961108325299,2.3707580864007483e-06,0.1717084785178269,0.0,0.0,0.0,1,5.228955322666984e-05
5,0.2604864537715912,0.9999984815906163,0.9999933264808594,5.155109756960208e-06,0.23061912487669461,0.0,0.0,0.0,1,-0.15324651064275785
5,0.38877490162849426,0.9999984815906163,0.9999855944429019,1.2887147714413238e-05,0.3130940132673466,0.0,0.0,0.0,1,0.011465822525457636
5,0.580244779586792,0.9999984815906163,0.999958944091983,3.953749863327971e-05,0.4256545992596194,0.0,0.0,0.0,1,0.34134212904366334
5,0.8660127520561218,0.9999984815906163,0.9998418206542802,0.00015666093633615041,0.5734187194241842,0.0,0.0,0.0,1,-2.4468027820523375e-06
5,1.2925201654434204,0.9999984815906163,0.9991640477999987,0.0008344337906176502,0.7577644410873068,0.0,0.0,0.0,1,0.1963439081173879
5,1.929080605506897,0.9999984815906163,0.993880506866383,0.006117974724233366,0.9739182556615024,0.0,0.0,0.0,1,0.4734594070871877
5,2.8791441917419434,0.9999984815906163,0.9367960133725602,0.06320246821805608,1.2098858180998513,0.0,0.0,0.0,1,-1.1663226373359592e-05
5,4.297110080718994,0.9999984815906163,0.5489693909263443,0.451029090664272,1.4482800550308197,0.0,0.0,0.0,1,0.2361550526351267
5,6.413417339324951,0.9999984815906163,0.09562769587058675,0.9043707857200296,1.6709985422796505,0.0,0.0,0.0,1,2.963847695047761e-07
5,9.571996688842773,0.9999984815906163,0.012175679704082995,0.9878228018865334,1.8643525082747447,0.0,0.0,0.0,1,0.00044903946582275367
5,14.286163330078125,0.9999984815906163,0.0028198079053878005,0.9971786736852285,2.021797460344396,0.0,0.0,0.0,1,0.32907001841533284
5,21.32203483581543,0.9999984815906163,0.0009979677742190125,0.9990005138163973,2.1434448782009716,0.0,0.0,0.0,1,0.3596824074540554
5,31.823041915893555,0.9999984815906163,0.00045862536267665595,0.9995398562279397,2.233674650364537,0.0,0.0,0.0,1,0.49184601662003313
5,47.49574661254883,0.9999984815906163,0.0002933113138938313,0.9997051702767225,2.2985943793011026,0.0,0.0,0.0,1,-9.676085306331572e-07
5,70.88719177246094,0.9999984815906163,0.00021212808138509656,0.9997863535092313,2.3442874757217225,0.0,0.0,0.0,1,-1.106137565431986e-06
5,105.79882049560547,0.9999984815906163,0.00016967432170533758,0.999828807268911,2.375952401019712,0.0,0.0,0.0,1,-2.4468027820523375e-06
6,0.010579882189631462,0.9999774779352334,0.9999760235598847,1.4543753487084032e-06,0.01259814621502278,0.0,0.0,0.0,1,6.196214928011479e-05
6,0.01579042710363865,0.9999774779352334,0.99997531530117,2.162634063385127e-06,0.018451007643305487,0.0,0.0,0.0,1,0.25276620885281526
6,0.023567141965031624,0.9999774779352334,0.9999742496612115,3.2282740218825268e-06,0.026878787360396412,0.0,0.0,0.0,1,1.9102843851870333e-05
6,0.03517385199666023,0.9999774779352334,0.9999726222206176,4.8557146158367814e-06,0.0389071875410359,0.0,0.0,0.0,1,-0.07652591086069996
6,0.05249682068824768,0.9999774779352334,0.9999700800416799,7.397893553529045e-06,0.05591084604122746,0.0,0.0,0.0,1,-0.01539461747090215
6,0.07835126668214798,0.9999774779352334,0.9999659769787166,1.1500956516807825e-05,0.07973811745336407,0.0,0.0,0.0,1,0.20384988913755858
6,0.11693891882896423,0.9999774779352334,0.9999588817959686,1.8596139264803746e-05,0.11291431319671293,0.0,0.0,0.0,1,0.010161372821751724
6,0.17453081905841827,0.9999774779352334,0.9999456841464696,3.179378876383421e-05,0.15889879105464205,0.0,0.0,0.0,1,0.21408884744103823
6,0.2604864537715912,0.9999774779352334,0.9999184801430523,5.899779218110357e-05,0.22223362810209332,0.0,0.0,0.0,1,-1.7857334122517443e-07
6,0.38877490162849426,0.9999774779352334,0.9998536697054113,0.0001238082298220533,0.30831213317855655,0.0,0.0,0.0,1,0.10686498388404381
6,0.580244779586792,0.9999774779352334,0.9996678968318768,0.00030958110335654876,0.42255465217216465,0.0,0.0,0.0,1,0.059192781074791534
6,0.8660127520561218,0.9999774779352334,0.998977352291805,0.00100012564342844,0.5689524081174124,0.0,0.0,0.0,1,0.22356928730475345
6,1.2925201654434204,0.9999774779352334,0.9956985545014504,0.0042789234337829996,0.7481054145388907,0.0,0.0,0.0,1,1.2856624482027179e-05
6,1.929080605506897,0.9999774779352334,0.976292308612241,0.02368516932299236,0.9552182806892769,0.0,0.0,0.0,1,1.0282994443056026e-05
6,2.8791441917419434,0.9999774779352334,0.8354643237885657,0.16451315414666767,1.1791806010214407,0.0,0.0,0.0,1,0.26927825349491674
6,4.297110080718994,0.9999774779352334,0.347733160341161,0.6522443175940724,1.4041252016794754,0.0,0.0,0.0,1,0.25238321032637695
6,6.413417339324951,0.9999774779352334,0.062062495751611435,0.9379149821836219,1.6135679364869868,0.0,0.0,0.0,1,0.24249004682650038
6,9.571996688842773,0.9999774779352334,0.011220895486559196,0.9887565824486741,1.7950547180334775,0.0,0.0,0.0,1,0.24431968705468954
6,14.286163330078125,0.9999774779352334,0.002887979300999869,0.9970894986342336,1.9426845153704844,0.0,0.0,0.0,1,0.2446802225537989
6,21.32203483581543,0.9999774779352334,0.0010202281920691381,0.9989572497431642,2.0566840586751844,0.0,0.0,0.0,1,0.2297131344884515
6,31.823041915893555,0.9999774779352334,0.0004774120046415805,0.9995000659305918,2.141214496955059,0.0,0.0,0.0,1,0.24735960879904478
6,47.49574661254883,0.9999774779352334,0.00029931677272899184,0.9996781611625044,2.202022583561478,0.0,0.0,0.0,1,0.029559268775884884
6,70.88719177246094,0.9999774779352334,0.00021425231485506835,0.9997632256203783,2.244817160101982,0.0,0.0,0.0,1,0.24735960879904478
6,105.79882049560547,0.9999774779352334,0.0001705281679787826,0.9998069497672546,2.27447150386885,0.0,0.0,0.0,1,0.0002346133526698324
7,0.010579882189631462,0.9999627645554887,0.9999701112371574,-7.346681668685129e-06,0.09903348291906441,0.0,0.0,0.0,1,0.2493480790542852
7,0.01579042710363865,0.9999627645554887,0.9999715440037443,-8.779448255613609e-06,0.12711826295804624,0.0,0.0,0.0,1,-0.00016599409902418039
7,0.023567141965031624,0.9999627645554887,0.9999724662314555,-9.701675966811152e-06,0.15713316210895464,0.0,0.0,0.0,1,0.2873967296903433
7,0.03517385199666023,0.9999627645554887,0.9999727933800149,-1.0028824526164826e-05,0.18712182769281568,0.0,0.0,0.0,1,0.417391560195266
7,0.05249682068824768,0.9999627645554887,0.9999721350058473,-9.370450358536786e-06,0.2155703790459074,0.0,0.0,0.0,1,0.33301027206958356
7,0.07835126668214798,0.9999627645554887,0.9999698866848656,-7.122129376924136e-06,0.24214456407909205,0.0,0.0,0.0,1,0.2610165075655503
7,0.11693891882896423,0.9999627645554887,0.9999648959281837,-2.131372695002298e-06,0.2682028097639697,0.0,0.0,0.0,1,0.44636205117553246
7,0.17453081905841827,0.9999627645554887,0.9999544060048481,8.358550640630291e-06,0.29718904628963244,0.0,0.0,0.0,1,-3.375007169537092e-05
7,0.2604864537715912,0.9999627645554887,0.9999315659209221,3.119863456657601e-05,0.33503031829880925,0.0,0.0,0.0,1,-0.08808895882536885
7,0.38877490162849426,0.9999627645554887,0.999875130244712,8.763431077674078e-05,0.3901494731545083,0.0,0.0,0.0,1,-0.0032307808078775035
7,0.580244779586792,0.9999627645554887,0.9997088335800017,0.0002539309754869823,0.4721750772360603,0.0,0.0,0.0,1,-0.018377452970706587
7,0.8660127520561218,0.9999627645554887,0.9990980424727683,0.0008647220827203705,0.5890736919861961,0.0,0.0,0.0,1,7.137167123139054e-05
7,1.2925201654434204,0.9999627645554887,0.9960395239617462,0.003923240593742494,0.7438807893142337,0.0,0.0,0.0,1,-0.010674281290884768
7,1.929080605506897,0.9999627645554887,0.9768351223933186,0.023127642162170114,0.9324351976818768,0.0,0.0,0.0,1,-0.0912702121459728
7,2.8791441917419434,0.9999627645554887,0.8279432092860011,0.17201955526948765,1.1430047035736774,0.0,0.0,0.0,1,0.03487317575066934
7,4.297110080718994,0.9999627645554887,0.33497629401396195,0.6649864705415267,1.3585743682073923,0.0,0.0,0.0,1,0.03907948517763338
7,6.413417339324951,0.9999627645554887,0.05277780873811969,0.9471849558173691,1.5615249371153208,0.0,0.0,0.0,1,-0.033009194830094846
7,9.571996688842773,0.9999627645554887,0.009097832833022205,0.9908649317224665,1.738517304730999,0.0,0.0,0.0,1,0.26779086608765906
7,14.286163330078125,0.9999627645554887,0.0024894759097441187,0.9974732886457446,1.883031978988708,0.0,0.0,0.0,1,0.26779086608765906
7,21.32203483581543,0.9999627645554887,0.0009118963551976935,0.999050868200291,1.9948758000442075,0.0,0.0,0.0,1,0.009575804095440094
7,31.823041915893555,0.9999627645554887,0.00044312004505842246,0.9995196445104303,2.077920954815043,0.0,0.0,0.0,1,0.2610165075655503
7,47.49574661254883,0.9999627645554887,0.0002851016839118851,0.9996776628715768,2.137711409143288,0.0,0.0,0.0,1,-2.4863459614055117e-05
7,70.88719177246094,0.9999627645554887,0.00020762974323128048,0.9997551348122574,2.1798125582357573,0.0,0.0,0.0,1,-6.024030185092233e-05
7,105.79882049560547,0.9999627645554887,0.00016705083378671818,0.999795713721702,2.2089965661331377,0.0,0.0,0.0,1,0.2196638410809068
8,0.010579882189631462,0.9999929410986402,0.9999930000618533,-5.8963213089846533e-08,0.026136661601760296,0.0,0.0,0.0,1,1.0238493337810795e-05
8,0.01579042710363865,0.9999929410986402,0.9999929183331153,2.2765524909651447e-08,0.035905328531552635,0.0,0.0,0.0,1,3.2562701823279916e-05
8,0.023567141965031624,0.9999929410986402,0.9999927239531288,2.171455114607923e-07,0.048889704507651975,0.0,0.0,0.0,1,-0.09312904159124602
8,0.03517385199666023,0.9999929410986402,0.9999923185823836,6.225162566542153e-07,0.06639584206934838,0.0,0.0,0.0,1,-0.04013331587159369
8,0.05249682068824768,0.9999929410986402,0.9999915392779676,1.4018206726529314e-06,0.09044007276407151,0.0,0.0,0.0,1,1.492685475712463e-05
8,0.07835126668214798,0.9999929410986402,0.9999899483391241,2.9927595160961218e-06,0.12386172200263133,0.0,0.0,0.0,1,-0.3486765500271498
8,0.11693891882896423,0.9999929410986402,0.9999867523123199,6.188786320304729e-06,0.17035843036980722,0.0,0.0,0.0,1,-5.757395743932747e-06
8,0.17453081905841827,0.9999929410986402,0.9999799412274789,1.2999871161323284e-05,0.2344756574699735,0.0,0.0,0.0,1,-0.2499053409453041
8,0.2604864537715912,0.9999929410986402,0.9999634653560111,2.947574262912589e-05,0.32138779549582575,0.0,0.0,0.0,1,-0.24713659990791895
8,0.38877490162849426,0.9999929410986402,0.9999156877986927,7.725329994756613e-05,0.43618037114532765,0.0,0.0,0.0,1,1.4831965699291239e-05
8,0.580244779586792,0.9999929410986402,0.999761277444065,0.00023166365457527593,0.5825826368755569,0.0,0.0,0.0,1,0.14615909403406313
8,0.8660127520561218,0.9999929410986402,0.9991593291899225,0.0008336119087177796,0.7615309587390149,0.0,0.0,0.0,1,1.2151576822994059e-05
8,1.2925201654434204,0.9999929410986402,0.9962667751411545,0.003726165957485761,0.9700534526045654,0.0,0.0,0.0,1,0.08465053675594886
8,1.929080605506897,0.9999929410986402,0.979366385082362,0.020626556016278275,1.2006655845176364,0.0,0.0,0.0,1,5.3462675817739225e-05
8,2.8791441917419434,0.9999929410986402,0.8763418638287217,0.12365107726991853,1.4414279519051132,0.0,0.0,0.0,1,-0.0037597435908305887
8,4.297110080718994,0.9999929410986402,0.45585748475867227,0.544135456339968,1.6773435705480693,0.0,0.0,0.0,1,1.2175302239292307e-05
8,6.413417339324951,0.9999929410986402,0.09865951482446772,0.9013334262741726,1.893553853863977,0.0,0.0,0.0,1,-0.04013248799904723
8,9.571996688842773,0.9999929410986402,0.016886263698728844,0.9831066773999114,2.079130769279547,0.0,0.0,0.0,1,0.00015960027972539148
8,14.286163330078125,0.9999929410986402,0.003827679474448387,0.9961652616241918,2.2292529230831217,0.0,0.0,0.0,1,0.008613237973586096
8,21.32203483581543,0.9999929410986402,0.0012472310143654213,0.9987457100842748,2.3448054907631275,0.0,0.0,0.0,1,0.1403705588108849
8,31.823041915893555,0.9999929410986402,0.0005473455706800839,0.9994455955279602,2.430326702154589,0.0,0.0,0.0,1,0.00015960027972539148
8,47.49574661254883,0.9999929410986402,0.00032748162077889364,0.9996654594778613,2.4917785833262323,0.0,0.0,0.0,1,0.1042919721693023
8,70.88719177246094,0.9999929410986402,0.00022772303394405185,0.9997652180646962,2.534996638535226,0.0,0.0,0.0,1,3.200588416296668e-06
8,105.79882049560547,0.9999929410986402,0.0001773466858271834,0.9998155944128131,2.5649316316180006,0.0,0.0,0.0,1,0.043962433040370175
9,0.010579882189631462,0.9999963809263062,0.9999964440177412,-6.309143507632342e-08,0.03317909003510515,0.0,0.0,0.0,1,0.29023497135530396
9,0.01579042710363865,0.9999963809263062,0.9999964286142583,-4.768795214271648e-08,0.04561065574746545,0.0,0.0,0.0,1,-3.737411423898607e-05
9,0.023567141965031624,0.9999963809263062,0.9999963763430028,4.5833034034714615e-09,0.06183620668461505,0.0,0.0,0.0,1,0.00041234856557481603
9,0.03517385199666023,0.9999963809263062,0.9999962562081973,1.247181088404048e-07,0.08281316191053256,0.0,0.0,0.0,1,3.920652932420943e-06
9,0.05249682068824768,0.9999963809263062,0.9999960151680852,3.6575822093265487e-07,0.10961107841664577,0.0,0.0,0.0,1,-0.18206215599702125
9,0.07835126668214798,0.9999963809263062,0.9999955454869773,8.354393288279027e-07,0.143225726434579,0.0,0.0,0.0,1,-0.3222348370197572
9,0.11693891882896423,0.9999963809263062,0.9999946205341905,1.7603921156350566e-06,0.18455731792221777,0.0,0.0,0.0,1,-0.5116152165413576
9,0.17453081905841827,0.9999963809263062,0.9999927697625312,3.6111637750080305e-06,0.234949172163358,0.0,0.0,0.0,1,-0.4610988338098829
9,0.2604864537715912,0.9999963809263062,0.9999887004395019,7.680486804217956e-06,0.29734490458833956,0.0,0.0,0.0,1,6.039011990366383e-06
9,0.38877490162849426,0.9999963809263062,0.9999783698244069,1.801110189925126e-05,0.3773583459409623,0.0,0.0,0.0,1,1.8493488777360234e-05
9,0.580244779586792,0.9999963809263062,0.999945258032484,5.112289382214197e-05,0.4829806762069514,0.0,0.0,0.0,1,-0.18348869201541268
9,0.8660127520561218,0.9999963809263062,0.9998084712119997,0.00018790971430648895,0.6221526938194744,0.0,0.0,0.0,1,-2.8679452741542377e-06
9,1.2925201654434204,0.9999963809263062,0.9990719887761966,0.000924392150109532,0.7989250968649072,0.0,0.0,0.0,1,-5.844034967783518e-05
9,1.929080605506897,0.9999963809263062,0.9934818680776583,0.006514512848647902,1.0100239791191734,0.0,0.0,0.0,1,-0.00013078720513537423
9,2.8791441917419434,0.9999963809263062,0.9402671826348695,0.059729198291436636,1.2436814248651666,0.0,0.0,0.0,1,0.006279323612113863
9,4.297110080718994,0.9999963809263062,0.5660784118765393,0.43391796904976687,1.4819226134905303,0.0,0.0,0.0,1,0.2549924815330764
9,6.413417339324951,0.9999963809263062,0.10712794816693019,0.892868432759376,1.705785816213612,0.0,0.0,0.0,1,-6.297619176809377e-06
9,9.571996688842773,0.9999963809263062,0.014414917096787338,0.9855814638295188,1.9008235688302584,0.0,0.0,0.0,1,0.059616401808632535
9,14.286163330078125,0.9999963809263062,0.003394553332766585,0.9966018275935395,2.0599859341590037,0.0,0.0,0.0,1,-7.647019235612618e-07
9,21.32203483581543,0.9999963809263062,0.0011451330277125861,0.9988512478985936,2.183126910705524,0.0,0.0,0.0,1,0.32225181011127
9,31.823041915893555,0.9999963809263062,0.0005026040026866912,0.9994937769236195,2.274542568884521,0.0,0.0,0.0,1,0.25816756022189985
9,47.49574661254883,0.9999963809263062,0.0003111069673287771,0.9996852739589774,2.340351519098074,0.0,0.0,0.0,1,0.12080820601356301
9,70.88719177246094,0.9999963809263062,0.00022033874612534447,0.9997760421801808,2.3866869080682376,0.0,0.0,0.0,1,-9.982049701262596e-07
9,105.79882049560547,0.9999963809263062,0.00017384151034664392,0.9998225394159596,2.4188043868414795,0.0,0.0,0.0,1,-2.318358720887481e-06
10,0.010579882189631462,0.9999934754771005,0.9999940170382495,-5.415611490366956e-07,0.05372523973752107,0.0,0.0,0.0,1,0.05134399763789044
10,0.01579042710363865,0.9999934754771005,0.9999940956953772,-6.202182767367503e-07,0.06933428919358413,0.0,0.0,0.0,1,0.2792943315005627
10,0.023567141965031624,0.9999934754771005,0.9999941118315785,-6.363544780008112e-07,0.0865117383803913,0.0,0.0,0.0,1,0.17750855395380533
10,0.03517385199666023,0.9999934754771005,0.9999940097269625,-5.342498620164449e-07,0.10474304717844088,0.0,0.0,0.0,1,9.320348977492898e-06
10,0.05249682068824768,0.9999934754771005,0.9999937071402125,-2.3166311202693635e-07,0.12425763607659386,0.0,0.0,0.0,1,0.25099013448627483
10,0.07835126668214798,0.9999934754771005,0.9999930674650227,4.080120777905094e-07,0.14677572668107042,0.0,0.0,0.0,1,0.001077318567754948
10,0.11693891882896423,0.9999934754771005,0.9999918273413605,1.6481357399955598e-06,0.17609426517977686,0.0,0.0,0.0,1,0.251675169684617
10,0.17453081905841827,0.9999934754771005,0.9999894048451047,4.070631995811702e-06,0.2181452879216159,0.0,0.0,0.0,1,-0.24186908820912928
10,0.2604864537715912,0.9999934754771005,0.9999843326957252,9.142781375315323e-06,0.2802419654320685,0.0,0.0,0.0,1,-0.01387254315224229
10,0.38877490162849426,0.9999934754771005,0.999972262105721,2.1213371379502632e-05,0.3697951123204258,0.0,0.0,0.0,1,-0.046973072860322845
10,0.580244779586792,0.9999934754771005,0.999935772721051,5.7702756049438086e-05,0.4930771343671128,0.0,0.0,0.0,1,0.027130695927243154
10,0.8660127520561218,0.9999934754771005,0.999793559048739,0.0001999164283614796,0.6540014300110766,0.0,0.0,0.0,1,0.06021540132643399
10,1.2925201654434204,0.9999934754771005,0.9990358775142432,0.0009575979628573261,0.8524939914186138,0.0,0.0,0.0,1,2.2237798511515194e-06
10,1.929080605506897,0.9999934754771005,0.9936528817968676,0.0063405936802328755,1.0826192157643844,0.0,0.0,0.0,1,-0.020642461770636333
10,2.8791441917419434,0.9999934754771005,0.9474846451857032,0.0525088302913973,1.3316706677545005,0.0,0.0,0.0,1,0.043456305515795546
10,4.297110080718994,0.9999934754771005,0.6070569985246747,0.39293647695242584,1.5818571683771188,0.0,0.0,0.0,1,0.15305706157004662
10,6.413417339324951,0.9999934754771005,0.1311988097529567,0.8687946657241438,1.8148082584282628,0.0,0.0,0.0,1,0.001077318567754948
10,9.571996688842773,0.9999934754771005,0.020520100440118903,0.9794733750369816,2.016669407691084,0.0,0.0,0.0,1,-0.15236135185295996
10,14.286163330078125,0.9999934754771005,0.004440926765243244,0.9955525487118573,2.1808777300026074,0.0,0.0,0.0,1,0.47920459378368024
10,21.32203483581543,0.9999934754771005,0.0013854437416326803,0.9986080317354679,2.307683624072578,0.0,0.0,0.0,1,0.28199930351164615
10,31.823041915893555,0.9999934754771005,0.000574891557920352,0.9994185839191801,2.401712947030708,0.0,0.0,0.0,1,3.1008852544589516e-06
10,47.49574661254883,0.9999934754771005,0.00033904320251089344,0.9996544322745896,2.46935592963,0.0,0.0,0.0,1,-6.574844476414654e-06
10,70.88719177246094,0.9999934754771005,0.00023328843778491247,0.9997601870393156,2.5169615928471236,0.0,0.0,0.0,1,0.26793845684923934
10,105.79882049560547,0.9999934754771005,0.0001805059506485969,0.9998129695264519,2.549950227363834,0.0,0.0,0.0,1,1.1470171297212062e-06
11,0.010579882189631462,0.9999952598506516,0.9999951733249623,8.652568928013693e-08,0.028001784387111043,0.0,0.0,0.0,1,1.4564297924346548e-06
11,0.01579042710363865,0.9999952598506516,0.9999950702125459,1.896381057742147e-07,0.03832761867624884,0.0,0.0,0.0,1,0.45803556709986226
11,0.023567141965031624,0.9999952598506516,0.9999948769898582,3.8286079340199564e-07,0.05174212320420684,0.0,0.0,0.0,1,1.1936730068828894e-06
11,0.03517385199666023,0.9999952598506516,0.9999945290419877,7.308086639179479e-07,0.06909045077582825,0.0,0.0,0.0,1,0.2452112425770607
11,0.05249682068824768,0.9999952598506516,0.9999939135218139,1.3463288377479898e-06,0.09144129160742613,0.0,0.0,0.0,1,-0.32543239747263525
11,0.07835126668214798,0.9999952598506516,0.9999926836397633,2.5762108882831924e-06,0.12000649409580895,0.0,0.0,0.0,1,-0.11167089906694011
11,0.11693891882896423,0.9999952598506516,0.9999903359375036,4.9239131479916765e-06,0.15617695956945912,0.0,0.0,0.0,1,-0.18534502417086218
11,0.17453081905841827,0.9999952598506516,0.999985457989787,9.801860864633305e-06,0.20195284351481232,0.0,0.0,0.0,1,6.3816340102329505e-06
11,0.2604864537715912,0.9999952598506516,0.999974285416587,2.0974434064680025e-05,0.2607213051690567,0.0,0.0,0.0,1,0.28242927831837417
11,0.38877490162849426,0.9999952598506516,0.9999441939576621,5.106589298953246e-05,0.3377475005640112,0.0,0.0,0.0,1,0.454624463624526
11,0.580244779586792,0.9999952598506516,0.9998441188562613,0.0001511409943902864,0.43953025761337416,0.0,0.0,0.0,1,-2.0598981375519188e-05
11,0.8660127520561218,0.9999952598506516,0.9994306179011235,0.0005646419495280997,0.5717884834489801,0.0,0.0,0.0,1,-0.03497866612044745
11,1.2925201654434204,0.9999952598506516,0.9972047455662018,0.0027905142844498743,0.7367205625796059,0.0,0.0,0.0,1,-3.494155714545144e-06
11,1.929080605506897,0.9999952598506516,0.9796889837482824,0.020306276102369236,0.9305733364114134,0.0,0.0,0.0,1,0.27308697538403365
11,2.8791441917419434,0.9999952598506516,0.8352895749722289,0.16470568487842274,1.1427398413054755,0.0,0.0,0.0,1,0.20878938558897767
11,4.297110080718994,0.9999952598506516,0.33408392793221975,0.6659113319184319,1.3575385360995302,0.0,0.0,0.0,1,0.06219333284282347
11,6.413417339324951,0.9999952598506516,0.047421532554008564,0.952573727296643,1.5585313023082628,0.0,0.0,0.0,1,0.24661101487646314
11,9.571996688842773,0.9999952598506516,0.007328086417054625,0.992667173433597,1.7332258696166385,0.0,0.0,0.0,1,0.33891605880237075
11,14.286163330078125,0.9999952598506516,0.002013261706456887,0.9979819981441947,1.8755941032955326,0.0,0.0,0.0,1,0.24133678510873868
11,21.32203483581543,0.9999952598506516,0.0007772923662438281,0.9992179674844078,1.9856562675498037,0.0,0.0,0.0,1,0.324975486127676
11,31.823041915893555,0.9999952598506516,0.0003981272447066471,0.999597132605945,2.067325476005768,0.0,0.0,0.0,1,9.000776209355799e-06
11,47.49574661254883,0.9999952598506516,0.00026636504157281525,0.9997288948090788,2.1261019888314054,0.0,0.0,0.0,1,-9.68990317984364e-07
11,70.88719177246094,0.9999952598506516,0.00019861068735673828,0.9997966491632949,2.167478926959795,0.0,0.0,0.0,1,0.0014317985689592527
11,105.79882049560547,0.9999952598506516,0.00016250768295919093,0.9998327521676924,2.1961563940317794,0.0,0.0,0.0,1,2.537675436009579e-06
12,0.010579882189631462,0.9999802642826745,0.999971755555265,8.508727409539674e-06,0.07126628847437942,0.0,0.0,0.0,1,0.0551505814276827
12,0.01579042710363865,0.9999802642826745,0.9999677924906487,1.2471792025792183e-05,0.0939763916397709,0.0,0.0,0.0,1,0.24916447264433308
12,0.023567141965031624,0.9999802642826745,0.9999619246253078,1.8339657366750473e-05,0.12086110161677455,0.0,0.0,0.0,1,-0.06807482729136877
12,0.03517385199666023,0.9999802642826745,0.9999529313519151,2.7332930759405016e-05,0.15218607310535875,0.0,0.0,0.0,1,0.25023502035405093
12,0.05249682068824768,0.9999802642826745,0.9999385133748148,4.1750907859738895e-05,0.18867102948405243,0.0,0.0,0.0,1,0.2437930834754368
12,0.07835126668214798,0.9999802642826745,0.9999142250462882,6.603923638626163e-05,0.2313611454823266,0.0,0.0,0.0,1,0.1082998153725343
12,0.11693891882896423,0.9999802642826745,0.9998740300194175,0.00010623426325695462,0.28122732613905355,0.0,0.0,0.0,1,-1.7358364763686573e-05
12,0.17453081905841827,0.9999802642826745,0.9997998804487919,0.0001803838338826358,0.3391478378071382,0.0,0.0,0.0,1,-2.0709373290128674e-05
12,0.2604864537715912,0.9999802642826745,0.9996399017384592,0.0003403625442153224,0.4067337871554737,0.0,0.0,0.0,1,6.557752803004746e-07
12,0.38877490162849426,0.9999802642826745,0.9992479241736818,0.0007323401089927017,0.48744409141615896,0.0,0.0,0.0,1,0.26825128535392173
12,0.580244779586792,0.9999802642826745,0.9981191805536399,0.001861083729034596,0.586673278001949,0.0,0.0,0.0,1,0.08983923254248805
12,0.8660127520561218,0.9999802642826745,0.9945760191604647,0.0054042451222098276,0.7100056667266799,0.0,0.0,0.0,1,3.794304615700739e-05
12,1.2925201654434204,0.9999802642826745,0.9806280957102558,0.019352168572418726,0.86027570039033,0.0,0.0,0.0,1,0.2505437081164862
12,1.929080605506897,0.9999802642826745,0.9126066326101975,0.08737363167247703,1.0349762769947082,0.0,0.0,0.0,1,0.261251107566271
12,2.8791441917419434,0.9999802642826745,0.6152551073169281,0.3847251569657464,1.225341132514933,0.0,0.0,0.0,1,0.04130296257477234
12,4.297110080718994,0.9999802642826745,0.18826012154052277,0.8117201427421518,1.4178840931097485,0.0,0.0,0.0,1,0.3363858364445718
12,6.413417339324951,0.9999802642826745,0.03758645830758873,0.9623938059750857,1.598183124701541,0.0,0.0,0.0,1,0.00011808276618541225
12,9.571996688842773,0.9999802642826745,0.007682684080633398,0.9922975802020411,1.7551025678120562,0.0,0.0,0.0,1,0.12031460069154748
12,14.286163330078125,0.9999802642826745,0.002194840558893106,0.9977854237237814,1.8831622381136712,0.0,0.0,0.0,1,0.00015216686929975243
12,21.32203483581543,0.9999802642826745,0.0008272580320731323,0.9991530062506013,1.9822797710694013,0.0,0.0,0.0,1,0.2940510437990341
12,31.823041915893555,0.9999802642826745,0.0004290900528216679,0.9995511742298528,2.0558952120205536,0.0,0.0,0.0,1,0.45920613707600155
12,47.49574661254883,0.9999802642826745,0.0002766653046204048,0.999703598978054,2.108911225535325,0.0,0.0,0.0,1,0.09364474894388486
12,70.88719177246094,0.9999802642826745,0.00020299186548449407,0.99977727241719,2.1462508377173033,0.0,0.0,0.0,1,4.0855165609476884e-06
12,105.79882049560547,0.9999802642826745,0.00016436887595319807,0.9998158954067213,2.172138766793369,0.0,0.0,0.0,1,0.2535541471206003
13,0.010579882189631462,0.9999963866867464,0.9999964737396162,-8.705286980159599e-08,0.033479398151232104,0.0,0.0,0.0,1,-5.958828100949276e-07
13,0.01579042710363865,0.9999963866867464,0.9999964550849908,-6.839824440163511e-08,0.04367302541181588,0.0,0.0,0.0,1,1.2445009006101238e-05
13,0.023567141965031624,0.9999963866867464,0.9999963904136084,-3.726862041197876e-09,0.05543078667241944,0.0,0.0,0.0,1,0.07153557200936422
13,0.03517385199666023,0.9999963866867464,0.9999962429699853,1.4371676104740772e-07,0.06891657529743699,0.0,0.0,0.0,1,0.2278892369911376
13,0.05249682068824768,0.9999963866867464,0.9999959513093415,4.3537740490595667e-07,0.08501281935748603,0.0,0.0,0.0,1,0.4335196022676998
13,0.07835126668214798,0.9999963866867464,0.9999954025994315,9.840873148592166e-07,0.10577377912260418,0.0,0.0,0.0,1,-0.10385380041745162
13,0.11693891882896423,0.9999963866867464,0.999994364159608,2.0225271384344268e-06,0.13464770646193375,0.0,0.0,0.0,1,-0.19849728827151658
13,0.17453081905841827,0.9999963866867464,0.9999922927051156,4.09398163081498e-06,0.17634973637778653,0.0,0.0,0.0,1,-1.049770596228683e-06
13,0.2604864537715912,0.9999963866867464,0.9999877299693379,8.656717408461745e-06,0.23647287274858983,0.0,0.0,0.0,1,-6.164345585091269e-07
13,0.38877490162849426,0.9999963866867464,0.9999760610038985,2.032568284793257e-05,0.3209584528038726,0.0,0.0,0.0,1,0.2511414123028619
13,0.580244779586792,0.9999963866867464,0.9999395484402541,5.6838246492274536e-05,0.43532560239389734,0.0,0.0,0.0,1,0.2489843741209656
13,0.8660127520561218,0.9999963866867464,0.9997706873355011,0.00022569935124527873,0.5834191671440851,0.0,0.0,0.0,1,-1.4694744306931184e-06
13,1.2925201654434204,0.9999963866867464,0.9987728774933698,0.0012235091933765485,0.7655921328812803,0.0,0.0,0.0,1,0.0010822737723968912
13,1.929080605506897,0.9999963866867464,0.9905877751453314,0.009408611541415035,0.9767357667381559,0.0,0.0,0.0,1,0.10399505590909358
13,2.8791441917419434,0.9999963866867464,0.9080178770797455,0.09197850960700094,1.2053480226977946,0.0,0.0,0.0,1,-2.3612726256505567e-06
13,4.297110080718994,0.9999963866867464,0.46581238656720364,0.5341840001195428,1.43511247843371,0.0,0.0,0.0,1,0.3865815567465948
13,6.413417339324951,0.9999963866867464,0.07118774478923388,0.9288086418975126,1.6491161615406968,0.0,0.0,0.0,1,4.4088500017469556e-07
13,9.571996688842773,0.9999963866867464,0.009502942159981261,0.9904934445267651,1.8345895949028554,0.0,0.0,0.0,1,0.2213130934202583
13,14.286163330078125,0.9999963866867464,0.0023058214370220874,0.9976905652497243,1.9854781006638667,0.0,0.0,0.0,1,0.3191598718140638
13,21.32203483581543,0.9999963866867464,0.0008609742135536087,0.9991354124731928,2.1020011110821084,0.0,0.0,0.0,1,-3.3833860013654515e-06
13,31.823041915893555,0.9999963866867464,0.0004185349267346115,0.9995778517600118,2.188405860321187,0.0,0.0,0.0,1,3.0210604824887355e-05
13,47.49574661254883,0.9999963866867464,0.0002766536707429519,0.9997197330160035,2.2505636651687166,0.0,0.0,0.0,1,0.19789398434585675
13,70.88719177246094,0.9999963866867464,0.00020385177607230065,0.9997925349106741,2.2943087520770526,0.0,0.0,0.0,1,0.0003122010210259152
13,105.79882049560547,0.9999963866867464,0.00016538111675997745,0.9998310055699864,2.324622027693668,0.0,0.0,0.0,1,6.120793660668866e-05
14,0.010579882189631462,0.9999962505965618,0.9999960077473196,2.4284924227124804e-07,0.02045518234558507,0.0,0.0,0.0,1,-0.06819687075491071
14,0.01579042710363865,0.9999962505965618,0.999995869727605,3.8086895681743727e-07,0.02945261901927669,0.0,0.0,0.0,1,-0.11197635620897772
14,0.023567141965031624,0.9999962505965618,0.9999956492588977,6.013376641078594e-07,0.04201536872754769,0.0,0.0,0.0,1,-0.2093290725126857
14,0.03517385199666023,0.9999962505965618,0.9999952942760938,9.563204680373971e-07,0.059270927560825235,0.0,0.0,0.0,1,7.799947978837096e-06
14,0.05249682068824768,0.9999962505965618,0.9999947137338361,1.536862725748378e-06,0.08251007804522191,0.0,0.0,0.0,1,-2.7445343796506094e-06
14,0.07835126668214798,0.9999962505965618,0.999993735924751,2.514671810782687e-06,0.11317974120611377,0.0,0.0,0.0,1,6.356527386897071e-06
14,0.11693891882896423,0.9999962505965618,0.9999919127359513,4.337860610492683e-06,0.15304923890318287,0.0,0.0,0.0,1,0.1320248693784174
14,0.17453081905841827,0.9999962505965618,0.9999884295571224,7.821039439415145e-06,0.20465614293031853,0.0,0.0,0.0,1,-8.116780061062645e-05
14,0.2604864537715912,0.9999962505965618,0.9999807835777808,1.5467018781079034e-05,0.2718449765541916,0.0,0.0,0.0,1,0.4414575275532543
14,0.38877490162849426,0.9999962505965618,0.9999609485308872,3.530206567459171e-05,0.3598309098351102,0.0,0.0,0.0,1,1.1847320951385854e-05
14,0.580244779586792,0.9999962505965618,0.9998996159947638,9.663460179798466e-05,0.47427159335513,0.0,0.0,0.0,1,0.4334073428573957
14,0.8660127520561218,0.9999962505965618,0.9996591001333315,0.00033715046323035125,0.6194399354622878,0.0,0.0,0.0,1,-0.000504961431578077
14,1.2925201654434204,0.9999962505965618,0.9982439127630508,0.0017523378335110307,0.7960686467183837,0.0,0.0,0.0,1,0.26353882500006315
14,1.929080605506897,0.9999962505965618,0.9859401571799749,0.014056093416586979,0.999487138186607,0.0,0.0,0.0,1,0.24291576611066862
14,2.8791441917419434,0.9999962505965618,0.8723968024930185,0.1275994481035433,1.2189063964412432,0.0,0.0,0.0,1,1.2170890342222407e-06
14,4.297110080718994,0.9999962505965618,0.38425054711153156,0.6157457034850302,1.4389773722113255,0.0,0.0,0.0,1,7.77852988331773e-06
14,6.413417339324951,0.9999962505965618,0.05453444459135989,0.9454618060052019,1.6437535733023534,0.0,0.0,0.0,1,0.2479609833232833
14,9.571996688842773,0.9999962505965618,0.007756111445380403,0.9922401391511815,1.8211662629236745,0.0,0.0,0.0,1,4.485718368529845e-06
14,14.286163330078125,0.9999962505965618,0.0019820830680751,0.9980141675284867,1.9654881528318249,0.0,0.0,0.0,1,0.2349203228799358
14,21.32203483581543,0.9999962505965618,0.0007687279296854814,0.9992275226668763,2.076946240028259,0.0,0.0,0.0,1,1.0355536429473844e-06
14,31.823041915893555,0.9999962505965618,0.00039211771555400026,0.9996041328810078,2.159602296842374,0.0,0.0,0.0,1,6.68820476679155e-06
14,47.49574661254883,0.9999962505965618,0.00026469996357205176,0.9997315506329898,2.2190681872822284,0.0,0.0,0.0,1,0.2515005779177659
14,70.88719177246094,0.9999962505965618,0.00019780100798093902,0.9997984495885809,2.2609215121730766,0.0,0.0,0.0,1,0.4844076487374177
14,105.79882049560547,0.9999962505965618,0.00016218863046424628,0.9998340619660976,2.289925307984469,0.0,0.0,0.0,1,0.20333273455158807
